时间 (CST)CST,纬度纬度,经度经度,航向航向,节,公里/小时,米,爬升率,报告设施

Airline,,,
星期五 14:09:0002:09下午    离开停机位 (PVG) @ 星期五 14:09:00 CST,,,Airline
Surface and Near-Surface,,,
滑行时间: 47 分钟,,,
星期五 14:56:0802:56下午    出发 (PVG) @ 星期五 14:56:08 CST,,,Surface and Near-Surface
星期五 14:56:0802:56下午,31.094831.09,121.8398121.84,↘ 149°,203,377,518518,,Surface and Near-Surface
FlightAware ADS-B,,,
星期五 14:57:1602:57下午,31.033531.03,121.8897121.89,↘ 145°,255,472,"1,0521052",429,FlightAware ADS-B  (PVG / ZSPD)
星期五 14:57:4602:57下午,31.004931.00,121.9147121.91,↘ 140°,260,481,"1,2191219",196,FlightAware ADS-B  (PVG / ZSPD)
星期五 14:58:0502:58下午,30.986930.99,121.9339121.93,↘ 137°,264,489,"1,2121212",-12,FlightAware ADS-B  (PVG / ZSPD)
星期五 14:58:2502:58下午,30.969130.97,121.9529121.95,↘ 138°,261,483,"1,2121212",264,FlightAware ADS-B  (PVG / ZSPD)
星期五 14:58:5002:58下午,30.946530.95,121.9770121.98,↘ 134°,265,491,"1,4101410",425,FlightAware ADS-B  (PVG / ZSPD)
星期五 14:59:0702:59下午,30.937030.94,121.9974122.00,→ 105°,273,505,"1,5091509",333,FlightAware ADS-B  (PVG / ZSPD)
星期五 14:59:2302:59下午,30.936330.94,122.0193122.02,→ 79°,278,515,"1,5931593",431,FlightAware ADS-B  (PVG / ZSPD)
星期五 14:59:4202:59下午,30.944430.94,122.0494122.05,→ 72°,290,538,"1,7601760",540,FlightAware ADS-B  (PVG / ZSPD)
星期五 15:00:0703:00下午,30.954430.95,122.0852122.09,→ 72°,299,554,"1,9891989",604,FlightAware ADS-B  (PVG / ZSPD)
星期五 15:00:3803:00下午,30.967530.97,122.1320122.13,→ 72°,304,563,"2,3242324",720,FlightAware ADS-B  (SZV / ZSSZ)
星期五 15:00:5403:00下午,30.975130.98,122.1595122.16,→ 72°,300,555,"2,5532553",758,FlightAware ADS-B  (PVG / ZSPD)
星期五 15:01:1303:01下午,30.982530.98,122.1861122.19,→ 72°,298,552,"2,7662766",650,FlightAware ADS-B  (SZV / ZSSZ)
星期五 15:01:3903:01下午,30.993730.99,122.2268122.23,→ 73°,301,557,"3,0403040",560,FlightAware ADS-B  (SZV / ZSSZ)
星期五 15:02:0203:02下午,30.999931.00,122.2660122.27,→ 84°,310,575,"3,2233223",376,FlightAware ADS-B  (SZV / ZSSZ)
星期五 15:02:4103:02下午,31.000031.00,122.3338122.33,→ 90°,337,624,"3,4293429",385,FlightAware ADS-B  (SZV / ZSSZ)
星期五 15:03:1203:03下午,31.000031.00,122.3904122.39,→ 90°,352,652,"3,6733673",532,FlightAware ADS-B  (SZV / ZSSZ)
星期五 15:03:4203:03下午,31.000031.00,122.4484122.45,→ 90°,360,666,"3,9703970",648,FlightAware ADS-B  (SZV / ZSSZ)
星期五 15:04:1203:04下午,31.000131.00,122.5057122.51,→ 90°,361,668,"4,3214321",716,FlightAware ADS-B  (SZV / ZSSZ)
星期五 15:04:4203:04下午,31.000231.00,122.5647122.56,→ 90°,362,671,"4,6864686",645,FlightAware ADS-B  (SZV / ZSSZ)
星期五 15:05:1303:05下午,31.000431.00,122.6254122.63,→ 89°,369,684,"4,9764976",450,FlightAware ADS-B  (SZV / ZSSZ)
星期五 15:05:4303:05下午,31.000631.00,122.6843122.68,→ 90°,384,711,"5,1445144",303,FlightAware ADS-B  (SZV / ZSSZ)
星期五 15:06:2103:06下午,31.000431.00,122.7687122.77,→ 90°,411,761,"5,3195319",301,FlightAware ADS-B  (SZV / ZSSZ)
星期五 15:06:5303:06下午,31.000431.00,122.8394122.84,→ 90°,425,787,"5,4945494",326,FlightAware ADS-B  (SZV / ZSSZ)
星期五 15:07:3103:07下午,31.000731.00,122.9295122.93,→ 87°,443,821,"5,7005700",329,FlightAware ADS-B  (SZV / ZSSZ)
星期五 15:08:0103:08下午,31.009831.01,123.0006123.00,→ 77°,454,840,"5,8675867",329,FlightAware ADS-B  (SZV / ZSSZ)
星期五 15:08:3503:08下午,31.031731.03,123.0807123.08,→ 72°,468,867,"6,0506050",365,FlightAware ADS-B  (SZV / ZSSZ)
星期五 15:10:1503:10下午,31.100131.10,123.3271123.33,→ 72°,485,898,"6,6836683",298,FlightAware ADS-B  (PVG / ZSPD)
Estimated,,,
星期五 15:10:2003:10下午,30.844330.84,123.2580123.26,↘ 141°,,,,,Estimated
FlightAware ADS-B,,,
星期五 15:11:1303:11下午,31.141631.14,123.4773123.48,→ 72°,513,950,"6,8356835",,FlightAware ADS-B  (CJU / RKPC)
星期五 15:12:1003:12下午,31.182831.18,123.6278123.63,→ 72°,524,970,"7,0717071",139,FlightAware ADS-B  (CJU / RKPC)
Estimated,,,
星期五 15:14:1603:14下午,30.956830.96,123.8394123.84,↘ 141°,,,,,Estimated
星期五 15:16:1603:16下午,30.741330.74,124.0399124.04,↘ 141°,,,,,Estimated
FlightAware ADS-B,,,
星期五 15:16:5103:16下午,31.385931.39,124.3795124.38,→ 73°,515,954,"7,6207620",,FlightAware ADS-B  (CJU / RKPC)
星期五 15:17:5203:17下午,31.428731.43,124.5405124.54,→ 73°,513,950,"7,6207620",,FlightAware ADS-B  (CJU / RKPC)
星期五 15:18:2203:18下午,31.449631.45,124.6194124.62,→ 73°,513,950,"7,6207620",,FlightAware ADS-B  (CJU / RKPC)
星期五 15:19:2203:19下午,31.491731.49,124.7789124.78,→ 73°,515,954,"7,6207620",-2,FlightAware ADS-B  (CJU / RKPC)
Estimated,,,
星期五 15:21:2003:21下午,31.277931.28,124.9746124.97,↘ 142°,,,,,Estimated
FlightAware ADS-B,,,
星期五 15:21:5903:21下午,31.600131.60,125.1943125.19,→ 73°,512,948,"7,6127612",,FlightAware ADS-B  (CJU / RKPC)
星期五 15:22:2903:22下午,31.621031.62,125.2749125.27,→ 73°,513,950,"7,6207620",,FlightAware ADS-B  (CJU / RKPC)
星期五 15:23:0003:23下午,31.641631.64,125.3550125.36,→ 73°,512,948,"7,6127612",-7,FlightAware ADS-B  (CJU / RKPC)
星期五 15:23:3603:23下午,31.666831.67,125.4528125.45,→ 73°,514,953,"7,6127612",,FlightAware ADS-B  (CJU / RKPC)
星期五 15:24:0603:24下午,31.687031.69,125.5316125.53,→ 73°,513,950,"7,6127612",,FlightAware ADS-B  (CJU / RKPC)
星期五 15:24:3703:24下午,31.708031.71,125.6137125.61,→ 74°,510,945,"7,6127612",6,FlightAware ADS-B  (CJU / RKPC)
星期五 15:25:1903:25下午,31.735431.74,125.7275125.73,→ 76°,510,945,"7,6207620",6,FlightAware ADS-B  (CJU / RKPC)
星期五 15:25:5003:25下午,31.753731.75,125.8111125.81,→ 75°,509,943,"7,6207620",-7,FlightAware ADS-B  (CJU / RKPC)
星期五 15:26:2103:26下午,31.771031.77,125.8904125.89,→ 76°,508,941,"7,6127612",,FlightAware ADS-B  (CJU / RKPC)
星期五 15:27:2103:27下午,31.806231.81,126.0517126.05,→ 76°,505,935,"7,6207620",5,FlightAware ADS-B  (CJU / RKPC)
星期五 15:28:0103:28下午,31.828731.83,126.1551126.16,→ 76°,503,932,"7,6207620",-4,FlightAware ADS-B  (CJU / RKPC)
星期五 15:29:1703:29下午,31.873431.87,126.3609126.36,→ 76°,504,933,"7,6127612",-4,FlightAware ADS-B  (CJU / RKPC)
星期五 15:29:4703:29下午,31.890131.89,126.4385126.44,→ 76°,502,930,"7,6127612",,FlightAware ADS-B  (CJU / RKPC)
星期五 15:30:1903:30下午,31.908131.91,126.5215126.52,→ 75°,501,929,"7,6127612",40,FlightAware ADS-B  (CJU / RKPC)
星期五 15:30:5603:30下午,31.929731.93,126.6189126.62,→ 76°,499,924,"7,6587658",130,FlightAware ADS-B  (CJU / RKPC)
星期五 15:31:2603:31下午,31.947731.95,126.7012126.70,→ 76°,507,938,"7,7577757",220,FlightAware ADS-B  (CJU / RKPC)
星期五 15:32:1703:32下午,31.977931.98,126.8388126.84,→ 76°,511,946,"7,9557955",226,FlightAware ADS-B  (CJU / RKPC)
星期五 15:32:5503:32下午,32.000232.00,126.9407126.94,→ 76°,521,966,"8,0928092",203,FlightAware ADS-B  (CJU / RKPC)
星期五 15:33:2903:33下午,32.021932.02,127.0329127.03,→ 73°,529,980,"8,1998199",210,FlightAware ADS-B  (CJU / RKPC)
星期五 15:34:0703:34下午,32.052832.05,127.1370127.14,→ 69°,532,985,"8,3448344",214,FlightAware ADS-B  (CJU / RKPC)
星期五 15:34:4603:34下午,32.086932.09,127.2435127.24,→ 69°,537,995,"8,4738473",210,FlightAware ADS-B  (CJU / RKPC)
星期五 15:35:1903:35下午,32.115932.12,127.3346127.33,→ 70°,541,1003,"8,5958595",210,FlightAware ADS-B  (CJU / RKPC)
星期五 15:35:4903:35下午,32.142632.14,127.4183127.42,→ 70°,546,1011,"8,6948694",213,FlightAware ADS-B  (CJU / RKPC)
星期五 15:36:1903:36下午,32.169132.17,127.5020127.50,→ 70°,548,1015,"8,8098809",213,FlightAware ADS-B  (CJU / RKPC)
星期五 15:36:4903:36下午,32.195632.20,127.5861127.59,→ 70°,552,1022,"8,9088908",206,FlightAware ADS-B  (CJU / RKPC)
星期五 15:37:1903:37下午,32.222932.22,127.6726127.67,→ 70°,555,1028,"9,0149014",206,FlightAware ADS-B  (CJU / RKPC)
星期五 15:37:5103:37下午,32.251332.25,127.7631127.76,→ 70°,558,1033,"9,1219121",208,FlightAware ADS-B  (NGS / RJFU)
星期五 15:38:2503:38下午,32.281632.28,127.8595127.86,→ 70°,561,1040,"9,2439243",214,FlightAware ADS-B  (CJU / RKPC)
星期五 15:38:5503:38下午,32.308132.31,127.9444127.94,→ 70°,563,1043,"9,3509350",206,FlightAware ADS-B  (CJU / RKPC)
星期五 15:39:2503:39下午,32.335532.34,128.0323128.03,→ 70°,566,1048,"9,4499449",217,FlightAware ADS-B  (CJU / RKPC)
星期五 15:39:5603:39下午,32.363632.36,128.1224128.12,→ 70°,567,1049,"9,5719571",229,FlightAware ADS-B  (CJU / RKPC)
星期五 15:40:2703:40下午,32.391032.39,128.2107128.21,→ 70°,567,1049,"9,6859685",217,FlightAware ADS-B  (NGS / RJFU)
星期五 15:40:5703:40下午,32.417832.42,128.2972128.30,→ 70°,569,1054,"9,7929792",213,FlightAware ADS-B  (NGS / RJFU)
星期五 15:41:2703:41下午,32.444832.44,128.3850128.38,→ 70°,569,1054,"9,8989898",221,FlightAware ADS-B  (NGS / RJFU)
星期五 15:41:5703:41下午,32.472132.47,128.4742128.47,→ 70°,569,1054,"10,01310013",157,FlightAware ADS-B  (NGS / RJFU)
星期五 15:42:2803:42下午,32.500132.50,128.5651128.57,→ 70°,566,1048,"10,05810058",37,FlightAware ADS-B  (NGS / RJFU)
星期五 15:42:5803:42下午,32.527132.53,128.6530128.65,→ 70°,567,1049,"10,05110051",,FlightAware ADS-B  (NGS / RJFU)
星期五 15:43:3203:43下午,32.557332.56,128.7523128.75,→ 70°,571,1057,"10,05810058",,FlightAware ADS-B  (FUK / RJFF)
星期五 15:44:0303:44下午,32.585232.59,128.8435128.84,→ 70°,569,1054,"10,05110051",-7,FlightAware ADS-B  (FUK / RJFF)
星期五 15:44:3503:44下午,32.614232.61,128.9393128.94,→ 70°,566,1048,"10,05110051",7,FlightAware ADS-B  (NGS / RJFU)
星期五 15:45:0603:45下午,32.640632.64,129.0276129.03,→ 70°,567,1049,"10,05810058",,FlightAware ADS-B  (IKI / RJDB)
星期五 15:45:3603:45下午,32.666832.67,129.1142129.11,→ 70°,565,1046,"10,05110051",,FlightAware ADS-B  (IKI / RJDB)
星期五 15:46:0603:46下午,32.693732.69,129.2039129.20,→ 70°,561,1040,"10,05810058",8,FlightAware ADS-B  (NGS / RJFU)
星期五 15:46:3603:46下午,32.720432.72,129.2933129.29,→ 71°,560,1036,"10,05810058",-9,FlightAware ADS-B  (KKJ / RJFR)
星期五 15:47:0003:47下午,32.731232.73,129.3646129.36,→ 89°,565,1046,"10,05110051",,FlightAware ADS-B  (NGS / RJFU)
星期五 15:47:2103:47下午,32.724432.72,129.4282129.43,→ 104°,564,1044,"10,05810058",12,FlightAware ADS-B  (ROIT)
星期五 15:47:4003:47下午,32.704732.70,129.4819129.48,↘ 120°,558,1033,"10,05810058",-12,FlightAware ADS-B  (NGS / RJFU)
星期五 15:48:0003:48下午,32.675432.68,129.5252129.53,↘ 136°,547,1012,"10,05110051",,FlightAware ADS-B  (NGS / RJFU)
星期五 15:48:3003:48下午,32.620332.62,129.5859129.59,↘ 137°,545,1009,"10,05810058",,FlightAware ADS-B  (FUK / RJFF)
星期五 15:49:0103:49下午,32.562832.56,129.6489129.65,↘ 137°,546,1011,"10,05110051",,FlightAware ADS-B  (NGS / RJFU)
星期五 15:49:3303:49下午,32.503332.50,129.7135129.71,↘ 138°,546,1011,"10,05810058",7,FlightAware ADS-B  (NGS / RJFU)
星期五 15:50:0403:50下午,32.442932.44,129.7789129.78,↘ 137°,549,1017,"10,05810058",,FlightAware ADS-B  (ROIT)
星期五 15:50:3403:50下午,32.388332.39,129.8385129.84,↘ 137°,551,1020,"10,05810058",-8,FlightAware ADS-B  (NGS / RJFU)
星期五 15:51:0403:51下午,32.331532.33,129.9003129.90,↘ 137°,548,1015,"10,05110051",-8,FlightAware ADS-B  (FUK / RJFF)
星期五 15:51:3403:51下午,32.275832.28,129.9609129.96,↘ 137°,547,1012,"10,05110051",,FlightAware ADS-B  (NGS / RJFU)
星期五 15:52:0403:52下午,32.221132.22,130.0202130.02,↘ 137°,548,1015,"10,05110051",8,FlightAware ADS-B  (NGS / RJFU)
星期五 15:52:3403:52下午,32.164432.16,130.0815130.08,↘ 137°,551,1020,"10,05810058",8,FlightAware ADS-B  (NGS / RJFU)
星期五 15:53:0503:53下午,32.107932.11,130.1426130.14,↘ 137°,550,1019,"10,05810058",-8,FlightAware ADS-B  (KOJ / RJFK)
星期五 15:53:3503:53下午,32.050332.05,130.2047130.20,↘ 138°,546,1011,"10,05110051",,FlightAware ADS-B  (KOJ / RJFK)
星期五 15:54:0903:54下午,31.987431.99,130.2724130.27,↘ 138°,544,1007,"10,05810058",,FlightAware ADS-B  (KMI / RJFM)
星期五 15:54:4103:54下午,31.927031.93,130.3372130.34,↘ 138°,541,1003,"10,05110051",,FlightAware ADS-B  (KMI / RJFM)
星期五 15:55:1103:55下午,31.872631.87,130.3955130.40,↘ 138°,541,1003,"10,05810058",8,FlightAware ADS-B  (KMI / RJFM)
星期五 15:55:4103:55下午,31.816131.82,130.4561130.46,↘ 138°,541,1003,"10,05810058",-8,FlightAware ADS-B  (KMI / RJFM)
星期五 15:56:1103:56下午,31.760831.76,130.5151130.52,↘ 138°,542,1004,"10,05110051",,FlightAware ADS-B  (KMI / RJFM)
星期五 15:56:4003:56下午,31.703331.70,130.5686130.57,↘ 148°,533,987,"10,05810058",,FlightAware ADS-B  (KOJ / RJFK)
星期五 15:57:1003:57下午,31.638731.64,130.6053130.61,↓ 161°,519,961,"10,05110051",-7,FlightAware ADS-B  (KKJ / RJFR)
星期五 15:57:4403:57下午,31.561331.56,130.6341130.63,↓ 162°,516,956,"10,05110051",,FlightAware ADS-B  (RJFY)
星期五 15:58:1903:58下午,31.481731.48,130.6641130.66,↓ 162°,517,958,"10,05110051",7,FlightAware ADS-B  (NGS / RJFU)
星期五 15:58:5003:58下午,31.411031.41,130.6906130.69,↓ 162°,517,958,"10,05810058",8,FlightAware ADS-B  (KMI / RJFM)
星期五 15:59:2003:59下午,31.344131.34,130.7158130.72,↓ 162°,518,959,"10,05810058",,FlightAware ADS-B  (NGS / RJFU)
星期五 15:59:5003:59下午,31.273931.27,130.7420130.74,↓ 162°,519,961,"10,05810058",,FlightAware ADS-B  (KMI / RJFM)
星期五 16:00:2404:00下午,31.195131.20,130.7715130.77,↓ 162°,519,961,"10,05810058",,FlightAware ADS-B  (NGS / RJFU)
星期五 16:00:5404:00下午,31.126431.13,130.7971130.80,↓ 162°,519,961,"10,05810058",,FlightAware ADS-B  (RJFY)
星期五 16:01:2404:01下午,31.057631.06,130.8228130.82,↓ 162°,520,962,"10,05810058",,FlightAware ADS-B  (RJFY)
星期五 16:01:5404:01下午,30.989030.99,130.8483130.85,↓ 162°,520,962,"10,05810058",,FlightAware ADS-B  (RJFY)
星期五 16:02:2404:02下午,30.920030.92,130.8739130.87,↓ 162°,521,966,"10,05810058",-8,FlightAware ADS-B  (RJFY)
星期五 16:02:5404:02下午,30.850830.85,130.8996130.90,↓ 162°,521,966,"10,05110051",-8,FlightAware ADS-B  (RJFY)
星期五 16:03:2404:03下午,30.781530.78,130.9253130.93,↓ 162°,523,969,"10,05110051",8,FlightAware ADS-B  (RJFY)
星期五 16:03:5404:03下午,30.713630.71,130.9503130.95,↓ 162°,523,969,"10,05810058",9,FlightAware ADS-B  (RJFY)
星期五 16:04:1804:04下午,30.655930.66,130.9740130.97,↓ 156°,530,982,"10,05810058",-6,FlightAware ADS-B  (KMI / RJFM)
星期五 16:05:1004:05下午,30.552330.55,131.0555131.06,↘ 143°,540,999,"10,05110051",,FlightAware ADS-B  (RJFY)
星期五 16:05:4004:05下午,30.491230.49,131.1043131.10,↘ 148°,533,987,"10,05810058",8,FlightAware ADS-B  (NGS / RJFU)
星期五 16:06:1104:06下午,30.424330.42,131.1476131.15,↘ 152°,528,978,"10,05810058",-7,FlightAware ADS-B  (NGS / RJFU)
星期五 16:06:4404:06下午,30.352930.35,131.1921131.19,↘ 153°,527,975,"10,05110051",14,FlightAware ADS-B  (RJFY)
星期五 16:07:1504:07下午,30.282130.28,131.2366131.24,↘ 149°,534,990,"10,07410074",126,FlightAware ADS-B  (KMI / RJFM)
星期五 16:07:4904:07下午,30.213330.21,131.2856131.29,↘ 148°,537,995,"10,18810188",197,FlightAware ADS-B  (KMI / RJFM)
星期五 16:08:2004:08下午,30.148430.15,131.3333131.33,↘ 148°,537,995,"10,28710287",202,FlightAware ADS-B  (NGS / RJFU)
星期五 16:08:5004:08下午,30.085630.09,131.3797131.38,↘ 147°,538,996,"10,39410394",221,FlightAware ADS-B  (NGS / RJFU)
星期五 16:09:2004:09下午,30.023130.02,131.4260131.43,↘ 147°,537,995,"10,50810508",236,FlightAware ADS-B  (NGS / RJFU)
星期五 16:09:5004:09下午,29.960629.96,131.4726131.47,↘ 147°,535,991,"10,63010630",157,FlightAware ADS-B  (NGS / RJFU)
星期五 16:10:2104:10下午,29.897429.90,131.5198131.52,↘ 147°,531,983,"10,66810668",26,FlightAware ADS-B  (RJFY)
星期五 16:11:0004:11下午,29.815829.82,131.5808131.58,↘ 146°,526,974,"10,66010660",,FlightAware ADS-B  (RJFY)
星期五 16:11:3004:11下午,29.756229.76,131.6291131.63,↘ 144°,529,980,"10,66810668",,FlightAware ADS-B  (KMI / RJFM)
星期五 16:12:0904:12下午,29.677329.68,131.6951131.70,↘ 144°,528,978,"10,66010660",,FlightAware ADS-B  (KMI / RJFM)
星期五 16:12:4004:12下午,29.616429.62,131.7455131.75,↘ 144°,523,969,"10,66810668",8,FlightAware ADS-B  (KMI / RJFM)
星期五 16:13:1004:13下午,29.556129.56,131.7947131.79,↘ 145°,525,972,"10,66810668",,FlightAware ADS-B  (KMI / RJFM)
星期五 16:13:4804:13下午,29.480329.48,131.8563131.86,↘ 145°,525,972,"10,66810668",-7,FlightAware ADS-B  (KMI / RJFM)
星期五 16:14:1904:14下午,29.420329.42,131.9049131.90,↘ 145°,526,974,"10,66010660",-8,FlightAware ADS-B  (KMI / RJFM)
星期五 16:14:4904:14下午,29.360529.36,131.9532131.95,↘ 145°,528,978,"10,66010660",8,FlightAware ADS-B  (KMI / RJFM)
星期五 16:15:1904:15下午,29.300729.30,132.0015132.00,↘ 145°,529,980,"10,66810668",5,FlightAware ADS-B  (KMI / RJFM)
星期五 16:16:1904:16下午,29.180229.18,132.0989132.10,↘ 145°,529,980,"10,66810668",,FlightAware ADS-B  (KMI / RJFM)
星期五 16:17:2004:17下午,29.058729.06,132.1967132.20,↘ 145°,533,987,"10,66810668",,FlightAware ADS-B  (KMI / RJFM)
星期五 16:17:5304:17下午,28.992028.99,132.2501132.25,↘ 145°,532,985,"10,66810668",,FlightAware ADS-B  (KMI / RJFM)
FlightAware Approximate,,,
星期五 16:20:1804:20下午,28.716628.72,132.4718132.47,↘ 145°,,,,,FlightAware Approximate
星期五 16:22:1704:22下午,28.490328.49,132.6529132.65,↘ 145°,,,,,FlightAware Approximate
星期五 16:23:1704:23下午,28.376128.38,132.7439132.74,↘ 145°,,,,,FlightAware Approximate
星期五 16:24:1704:24下午,28.261828.26,132.8347132.83,↘ 145°,,,,,FlightAware Approximate
星期五 16:25:1704:25下午,28.147828.15,132.9259132.93,↘ 145°,,,,,FlightAware Approximate
星期五 16:26:1904:26下午,28.030128.03,133.0202133.02,↘ 145°,,,,,FlightAware Approximate
星期五 16:28:0804:28下午,27.823127.82,133.1854133.19,↘ 145°,,,,,FlightAware Approximate
星期五 16:30:0904:30下午,27.593127.59,133.3682133.37,↘ 145°,,,,,FlightAware Approximate
星期五 16:31:1504:31下午,27.467627.47,133.4676133.47,↘ 145°,,,,,FlightAware Approximate
星期五 16:32:1504:32下午,27.353427.35,133.5577133.56,↘ 145°,,,,,FlightAware Approximate
星期五 16:34:2004:34下午,27.115327.12,133.7450133.75,↘ 145°,,,,,FlightAware Approximate
星期五 16:36:2004:36下午,26.886526.89,133.9240133.92,↘ 145°,,,,,FlightAware Approximate
星期五 16:38:1004:38下午,26.676626.68,134.0874134.09,↘ 145°,,,,,FlightAware Approximate
星期五 16:39:1804:39下午,26.546726.55,134.1882134.19,↘ 145°,,,,,FlightAware Approximate
星期五 16:41:2004:41下午,26.313526.31,134.3683134.37,↘ 145°,,,,,FlightAware Approximate
星期五 16:43:1304:43下午,26.097426.10,134.5345134.53,↘ 145°,,,,,FlightAware Approximate
星期五 16:44:2004:44下午,25.969125.97,134.6328134.63,↘ 145°,,,,,FlightAware Approximate
星期五 16:46:1104:46下午,25.756525.76,134.7952134.80,↘ 145°,,,,,FlightAware Approximate
星期五 16:48:1404:48下午,25.520625.52,134.9743134.97,↘ 146°,,,,,FlightAware Approximate
星期五 16:49:1504:49下午,25.399625.40,135.0559135.06,↘ 149°,,,,,FlightAware Approximate
星期五 16:50:1704:50下午,25.275625.28,135.1371135.14,↘ 149°,,,,,FlightAware Approximate
星期五 16:52:1704:52下午,25.035425.04,135.2938135.29,↘ 149°,,,,,FlightAware Approximate
星期五 16:53:1804:53下午,24.913324.91,135.3733135.37,↘ 149°,,,,,FlightAware Approximate
星期五 16:55:1804:55下午,24.672924.67,135.5291135.53,↘ 149°,,,,,FlightAware Approximate
星期五 16:57:1704:57下午,24.434424.43,135.6830135.68,↘ 150°,,,,,FlightAware Approximate
星期五 16:58:1704:58下午,24.314124.31,135.7603135.76,↘ 150°,,,,,FlightAware Approximate
星期五 17:00:2005:00下午,24.067324.07,135.9185135.92,↘ 150°,,,,,FlightAware Approximate
星期五 17:02:1605:02下午,23.834423.83,136.0671136.07,↘ 150°,,,,,FlightAware Approximate
星期五 17:03:2105:03下午,23.703823.70,136.1501136.15,↘ 150°,,,,,FlightAware Approximate
星期五 17:05:0505:05下午,23.494823.49,136.2826136.28,↘ 150°,,,,,FlightAware Approximate
星期五 17:06:1305:06下午,23.358123.36,136.3690136.37,↘ 150°,,,,,FlightAware Approximate
星期五 17:07:2005:07下午,23.223423.22,136.4540136.45,↘ 150°,,,,,FlightAware Approximate
星期五 17:09:1305:09下午,22.996023.00,136.5969136.60,↘ 150°,,,,,FlightAware Approximate
星期五 17:11:1605:11下午,22.748422.75,136.7520136.75,↘ 150°,,,,,FlightAware Approximate
星期五 17:12:1705:12下午,22.625522.63,136.8286136.83,↘ 150°,,,,,FlightAware Approximate
星期五 17:13:1705:13下午,22.504622.50,136.9039136.90,↘ 150°,,,,,FlightAware Approximate
星期五 17:15:1305:15下午,22.270622.27,137.0487137.05,↘ 150°,,,,,FlightAware Approximate
星期五 17:16:1305:16下午,22.149322.15,137.1230137.12,↘ 150°,,,,,FlightAware Approximate
星期五 17:17:1705:17下午,22.019922.02,137.2021137.20,↘ 150°,,,,,FlightAware Approximate
星期五 17:19:1805:19下午,21.775121.78,137.3514137.35,↘ 150°,,,,,FlightAware Approximate
星期五 17:21:1305:21下午,21.542421.54,137.4927137.49,↘ 151°,,,,,FlightAware Approximate
星期五 17:23:2105:23下午,21.283221.28,137.6495137.65,↘ 151°,,,,,FlightAware Approximate
星期五 17:25:0805:25下午,21.066321.07,137.7801137.78,↘ 151°,,,,,FlightAware Approximate
Oakland Oceanic,,,
星期五 17:25:2605:25下午,21.000021.00,137.8167137.82,↘ 152°,492,911,"10,66810668",,Oakland Oceanic
FlightAware Transoceanic,,,
星期五 17:27:1805:27下午,20.804020.80,137.9266137.93,↘ 152°,492,911,"10,66810668",,FlightAware Transoceanic
Oakland Oceanic,,,
星期五 17:28:1705:28下午,20.616720.62,138.0333138.03,↘ 152°,496,919,"10,66810668",,Oakland Oceanic
FlightAware Transoceanic,,,
星期五 17:30:0805:30下午,20.420620.42,138.1425138.14,↘ 152°,496,919,"10,66810668",,FlightAware Transoceanic
星期五 17:31:2005:31下午,20.293420.29,138.2132138.21,↘ 153°,496,919,"10,66810668",,FlightAware Transoceanic
星期五 17:33:1905:33下午,20.083120.08,138.3297138.33,↘ 153°,496,919,"10,66810668",,FlightAware Transoceanic
星期五 17:35:1505:35下午,19.878019.88,138.4430138.44,↘ 153°,496,919,"10,66810668",,FlightAware Transoceanic
星期五 17:36:1505:36下午,19.771919.77,138.5015138.50,↘ 153°,496,919,"10,66810668",,FlightAware Transoceanic
Oakland Oceanic,,,
星期五 17:37:5205:37下午,19.450019.45,138.6833138.68,↘ 153°,500,925,"10,66810668",,Oakland Oceanic
FlightAware Transoceanic,,,
星期五 17:40:1105:40下午,19.201819.20,138.8187138.82,↘ 153°,500,925,"10,66810668",,FlightAware Transoceanic
星期五 17:42:1605:42下午,18.978518.98,138.9400138.94,↘ 153°,500,925,"10,66810668",,FlightAware Transoceanic
星期五 17:44:1705:44下午,18.762318.76,139.0572139.06,↘ 153°,500,925,"10,66810668",,FlightAware Transoceanic
星期五 17:46:1205:46下午,18.556818.56,139.1682139.17,↘ 153°,500,925,"10,66810668",,FlightAware Transoceanic
星期五 17:47:2005:47下午,18.435218.44,139.2338139.23,↘ 153°,500,925,"10,66810668",,FlightAware Transoceanic
Oakland Oceanic,,,
星期五 17:47:3205:47下午,18.250018.25,139.3333139.33,↘ 153°,504,933,"10,66810668",,Oakland Oceanic
FlightAware Transoceanic,,,
星期五 17:49:1505:49下午,18.064318.06,139.4330139.43,↘ 153°,504,933,"10,66810668",,FlightAware Transoceanic
星期五 17:51:1605:51下午,17.846117.85,139.5499139.55,↘ 153°,504,933,"10,66810668",,FlightAware Transoceanic
星期五 17:52:2005:52下午,17.730617.73,139.6116139.61,↘ 153°,504,933,"10,66810668",,FlightAware Transoceanic
星期五 17:54:1905:54下午,17.515917.52,139.7261139.73,↘ 153°,504,933,"10,66810668",,FlightAware Transoceanic
星期五 17:56:1805:56下午,17.301117.30,139.8403139.84,↘ 153°,504,933,"10,66810668",,FlightAware Transoceanic
星期五 17:57:1905:57下午,17.193017.19,139.9029139.90,↘ 151°,504,933,"10,66810668",,FlightAware Transoceanic
Oakland Oceanic,,,
星期五 17:57:3105:57下午,17.000017.00,140.0000140.00,↘ 151°,507,938,"10,66810668",,Oakland Oceanic
FlightAware Transoceanic,,,
星期五 17:59:1305:59下午,16.818316.82,140.1052140.11,↘ 151°,507,938,"10,66810668",,FlightAware Transoceanic
星期五 18:00:1806:00下午,16.702616.70,140.1722140.17,↘ 151°,507,938,"10,66810668",,FlightAware Transoceanic
星期五 18:02:2006:02下午,16.485216.49,140.2976140.30,↘ 151°,507,938,"10,66810668",,FlightAware Transoceanic
星期五 18:04:1306:04下午,16.283816.28,140.4135140.41,↘ 151°,507,938,"10,66810668",,FlightAware Transoceanic
星期五 18:05:2106:05下午,16.162516.16,140.4832140.48,↘ 151°,507,938,"10,66810668",,FlightAware Transoceanic
Oakland Oceanic,,,
星期五 18:06:4906:06下午,15.850015.85,140.6667140.67,↘ 151°,507,938,"10,66810668",,Oakland Oceanic
FlightAware Transoceanic,,,
星期五 18:09:1706:09下午,15.585815.59,140.8173140.82,↘ 151°,507,938,"10,66810668",,FlightAware Transoceanic
星期五 18:11:1406:11下午,15.376915.38,140.9360140.94,↘ 151°,507,938,"10,66810668",,FlightAware Transoceanic
星期五 18:12:1506:12下午,15.267915.27,140.9978141.00,↘ 151°,507,938,"10,66810668",,FlightAware Transoceanic
Guam Center,,,
星期五 18:12:1906:12下午,15.133315.13,141.0500141.05,↘ 151°,490,908,"10,66810668",,Guam Center
星期五 18:13:1906:13下午,15.016715.02,141.1167141.12,↘ 151°,510,945,"10,66810668",,Guam Center
星期五 18:14:2006:14下午,14.883314.88,141.2000141.20,↘ 149°,500,925,"10,66810668",,Guam Center
星期五 18:15:1906:15下午,14.750014.75,141.2667141.27,↘ 154°,510,945,"10,66810668",,Guam Center
星期五 18:16:2006:16下午,14.650014.65,141.3333141.33,↘ 147°,510,945,"10,66810668",,Guam Center
星期五 18:17:2006:17下午,14.516714.52,141.4000141.40,↘ 154°,510,945,"10,66810668",,Guam Center
星期五 18:18:2006:18下午,14.383314.38,141.4667141.47,↘ 154°,510,945,"10,66810668",,Guam Center
星期五 18:19:2006:19下午,14.266714.27,141.5500141.55,↘ 145°,510,945,"10,66810668",,Guam Center
星期五 18:20:2006:20下午,14.150014.15,141.6167141.62,↘ 151°,510,945,"10,66810668",,Guam Center
星期五 18:21:2006:21下午,14.016714.02,141.6833141.68,↘ 154°,500,925,"10,66810668",,Guam Center
星期五 18:22:2106:22下午,13.883313.88,141.7500141.75,↘ 154°,510,945,"10,66810668",,Guam Center
星期五 18:23:2006:23下午,13.766713.77,141.8167141.82,↘ 151°,510,945,"10,66810668",,Guam Center
星期五 18:24:2106:24下午,13.650013.65,141.8833141.88,↘ 151°,500,925,"10,66810668",,Guam Center
星期五 18:25:2106:25下午,13.516713.52,141.9667141.97,↘ 149°,500,925,"10,66810668",,Guam Center
星期五 18:26:2106:26下午,13.400013.40,142.0333142.03,↘ 151°,510,945,"10,66810668",,Guam Center
星期五 18:27:2106:27下午,13.266713.27,142.1000142.10,↘ 154°,510,945,"10,66810668",,Guam Center
星期五 18:28:2106:28下午,13.150013.15,142.1667142.17,↘ 151°,510,945,"10,66810668",,Guam Center
星期五 18:28:3406:28下午,13.116713.12,142.1833142.18,↘ 154°,510,945,"10,66810668",,Guam Center
星期五 18:29:2206:29下午,13.016713.02,142.2333142.23,↘ 154°,510,945,"10,66810668",,Guam Center
星期五 18:30:2106:30下午,12.900012.90,142.3000142.30,↘ 151°,510,945,"10,66810668",,Guam Center
星期五 18:31:2206:31下午,12.766712.77,142.3667142.37,↘ 154°,500,925,"10,66810668",,Guam Center
星期五 18:32:2206:32下午,12.650012.65,142.4500142.45,↘ 145°,500,925,"10,66810668",,Guam Center
星期五 18:33:2206:33下午,12.516712.52,142.5167142.52,↘ 154°,500,925,"10,66810668",-5,Guam Center
FlightAware ADS-B,,,
星期五 18:33:5906:33下午,12.454712.45,142.5611142.56,↘ 152°,504,933,"10,66010660",-6,FlightAware ADS-B  (PGUM)
星期五 18:34:4306:34下午,12.363512.36,142.6113142.61,↘ 152°,504,933,"10,66010660",3,FlightAware ADS-B  (PGUM)
FlightAware Approximate,,,
星期五 18:36:1906:36下午,12.170412.17,142.7258142.73,↘ 150°,,,,,FlightAware Approximate
Guam Center,,,
星期五 18:36:2206:36下午,12.166712.17,142.7167142.72,↘ 150°,500,925,"10,66810668",,Guam Center
星期五 18:37:2306:37下午,12.033312.03,142.7833142.78,↘ 154°,500,925,"10,66810668",,Guam Center
星期五 18:38:2206:38下午,11.916711.92,142.8667142.87,↘ 145°,500,925,"10,66810668",,Guam Center
星期五 18:39:2306:39下午,11.783311.78,142.9333142.93,↘ 154°,500,925,"10,66810668",,Guam Center
星期五 18:40:2306:40下午,11.666711.67,143.0000143.00,↘ 151°,500,925,"10,66810668",,Guam Center
星期五 18:41:2306:41下午,11.550011.55,143.0833143.08,↘ 145°,500,925,"10,66810668",,Guam Center
星期五 18:42:2306:42下午,11.433311.43,143.1500143.15,↘ 151°,500,925,"10,66810668",,Guam Center
星期五 18:43:2306:43下午,11.300011.30,143.2167143.22,↘ 154°,500,925,"10,66810668",,Guam Center
星期五 18:44:2306:44下午,11.183311.18,143.2833143.28,↘ 151°,500,925,"10,66810668",,Guam Center
星期五 18:45:2406:45下午,11.066711.07,143.3667143.37,↘ 145°,500,925,"10,66810668",,Guam Center
星期五 18:46:2306:46下午,10.950010.95,143.4333143.43,↘ 151°,490,908,"10,66810668",,Guam Center
星期五 18:47:2406:47下午,10.833310.83,143.5000143.50,↘ 151°,490,908,"10,66810668",,Guam Center
星期五 18:48:2406:48下午,10.700010.70,143.5667143.57,↘ 154°,490,908,"10,66810668",,Guam Center
星期五 18:49:2406:49下午,10.583310.58,143.6500143.65,↘ 145°,490,908,"10,66810668",,Guam Center
星期五 18:50:2406:50下午,10.466710.47,143.7167143.72,↘ 151°,490,908,"10,66810668",,Guam Center
星期五 18:51:2406:51下午,10.350010.35,143.7833143.78,↘ 151°,490,908,"10,66810668",,Guam Center
星期五 18:52:2406:52下午,10.233310.23,143.8500143.85,↘ 151°,490,908,"10,66810668",,Guam Center
星期五 18:53:2406:53下午,10.133310.13,143.9167143.92,↘ 147°,490,908,"10,66810668",,Guam Center
星期五 18:54:2406:54下午,10.016710.02,143.9667143.97,↓ 157°,490,908,"10,66810668",,Guam Center
星期五 18:55:2506:55下午,9.90009.90,144.0500144.05,↘ 145°,490,908,"10,66810668",,Guam Center
星期五 18:56:2506:56下午,9.76679.77,144.1333144.13,↘ 148°,490,908,"10,66810668",,Guam Center
星期五 18:57:2506:57下午,9.66679.67,144.1833144.18,↘ 154°,490,908,"10,66810668",,Guam Center
星期五 18:58:2506:58下午,9.55009.55,144.2500144.25,↘ 151°,470,871,"10,66810668",,Guam Center
星期五 18:59:2506:59下午,9.43339.43,144.3333144.33,↘ 145°,490,908,"10,66810668",,Guam Center
星期五 19:00:2507:00下午,9.30009.30,144.4167144.42,↘ 148°,490,908,"10,66810668",,Guam Center
FlightAware Approximate,,,
星期五 19:02:1907:02下午,9.07289.07,144.5547144.55,↘ 149°,,,,,FlightAware Approximate
星期五 19:09:1607:09下午,8.24138.24,145.0583145.06,↘ 149°,,,,,FlightAware Approximate
Oakland Oceanic,,,
星期五 19:10:0707:10下午,8.20008.20,145.0833145.08,↘ 149°,489,906,"10,66810668",,Oakland Oceanic
FlightAware Transoceanic,,,
星期五 19:12:1407:12下午,7.98597.99,145.2125145.21,↘ 149°,489,906,"10,66810668",,FlightAware Transoceanic
星期五 19:13:2007:13下午,7.87467.87,145.2796145.28,↘ 149°,489,906,"10,66810668",,FlightAware Transoceanic
星期五 19:15:2007:15下午,7.67237.67,145.4015145.40,↘ 149°,489,906,"10,66810668",,FlightAware Transoceanic
星期五 19:16:2007:16下午,7.57117.57,145.4624145.46,↘ 149°,489,906,"10,66810668",,FlightAware Transoceanic
星期五 19:18:1907:18下午,7.37047.37,145.5832145.58,↘ 149°,489,906,"10,66810668",,FlightAware Transoceanic
Oakland Oceanic,,,
星期五 19:19:4007:19下午,7.08337.08,145.7667145.77,↘ 149°,483,895,"10,66810668",,Oakland Oceanic
FlightAware Transoceanic,,,
星期五 19:21:1607:21下午,6.92306.92,145.8620145.86,↘ 149°,483,895,"10,66810668",,FlightAware Transoceanic
星期五 19:22:1607:22下午,6.82276.82,145.9216145.92,↘ 149°,483,895,"10,66810668",,FlightAware Transoceanic
星期五 19:23:1607:23下午,6.72256.72,145.9811145.98,↘ 149°,483,895,"10,66810668",,FlightAware Transoceanic
星期五 19:24:1707:24下午,6.62056.62,146.0416146.04,↘ 149°,483,895,"10,66810668",,FlightAware Transoceanic
星期五 19:26:2007:26下午,6.41506.42,146.1635146.16,↘ 149°,483,895,"10,66810668",,FlightAware Transoceanic
星期五 19:28:1907:28下午,6.21616.22,146.2814146.28,↘ 150°,483,895,"10,66810668",,FlightAware Transoceanic
Oakland Oceanic,,,
星期五 19:29:1107:29下午,5.98335.98,146.4167146.42,↘ 149°,,,"10,66810668",,Oakland Oceanic
星期五 19:29:2007:29下午,5.98335.98,146.4167146.42,↘ 149°,488,904,"10,66810668",,Oakland Oceanic
FlightAware Transoceanic,,,
星期五 19:31:1907:31下午,5.78265.78,146.5360146.54,↘ 149°,488,904,"10,66810668",,FlightAware Transoceanic
星期五 19:32:2107:32下午,5.67795.68,146.5981146.60,↘ 149°,488,904,"10,66810668",,FlightAware Transoceanic
Oakland Oceanic,,,
星期五 19:33:5307:33下午,5.45005.45,146.7333146.73,↘ 149°,524,970,"10,66810668",,Oakland Oceanic
FlightAware Transoceanic,,,
星期五 19:36:1707:36下午,5.18905.19,146.8880146.89,↘ 149°,524,970,"10,66810668",,FlightAware Transoceanic
Oakland Oceanic,,,
星期五 19:37:4607:37下午,4.96674.97,147.0167147.02,↓ 158°,488,904,"10,66810668",,Oakland Oceanic
星期五 19:38:2307:38下午,4.88334.88,147.0500147.05,↓ 158°,489,906,"10,66810668",,Oakland Oceanic
星期五 19:38:5407:38下午,4.81674.82,147.0667147.07,↓ 158°,488,904,"10,66810668",,Oakland Oceanic
FlightAware Transoceanic,,,
星期五 19:41:2007:41下午,4.55124.55,147.1737147.17,↓ 158°,488,904,"10,66810668",,FlightAware Transoceanic
星期五 19:43:1807:43下午,4.33664.34,147.2602147.26,↓ 158°,488,904,"10,66810668",,FlightAware Transoceanic
星期五 19:45:1907:45下午,4.11654.12,147.3488147.35,↓ 158°,488,904,"10,66810668",,FlightAware Transoceanic
星期五 19:47:1507:47下午,3.90563.91,147.4337147.43,↓ 158°,488,904,"10,66810668",,FlightAware Transoceanic
星期五 19:48:1607:48下午,3.79463.79,147.4784147.48,↓ 158°,488,904,"10,66810668",,FlightAware Transoceanic
Oakland Oceanic,,,
星期五 19:48:2107:48下午,3.68333.68,147.5333147.53,↓ 158°,489,906,"10,66810668",,Oakland Oceanic
星期五 19:48:3007:48下午,3.66673.67,147.5333147.53,↓ 158°,489,906,"10,66810668",,Oakland Oceanic
FlightAware Transoceanic,,,
星期五 19:50:1707:50下午,3.47163.47,147.6116147.61,↓ 158°,489,906,"10,66810668",,FlightAware Transoceanic
星期五 19:51:1707:51下午,3.36223.36,147.6555147.66,↓ 158°,489,906,"10,66810668",,FlightAware Transoceanic
星期五 19:52:1807:52下午,3.25103.25,147.7000147.70,↓ 158°,489,906,"10,66810668",,FlightAware Transoceanic
星期五 19:54:1407:54下午,3.03953.04,147.7848147.78,↓ 158°,489,906,"10,66810668",,FlightAware Transoceanic
星期五 19:55:1607:55下午,2.92642.93,147.8301147.83,↓ 158°,489,906,"10,66810668",,FlightAware Transoceanic
星期五 19:56:1707:56下午,2.81522.82,147.8746147.87,↓ 158°,489,906,"10,66810668",,FlightAware Transoceanic
星期五 19:58:1107:58下午,2.60732.61,147.9579147.96,↓ 158°,489,906,"10,66810668",,FlightAware Transoceanic
星期五 19:59:1307:59下午,2.49432.49,148.0031148.00,↓ 158°,489,906,"10,66810668",,FlightAware Transoceanic
星期五 20:00:2108:00下午,2.37032.37,148.0527148.05,↓ 158°,489,906,"10,66810668",,FlightAware Transoceanic
星期五 20:02:1508:02下午,2.16242.16,148.1359148.14,↓ 158°,489,906,"10,66810668",,FlightAware Transoceanic
星期五 20:03:1708:03下午,2.04932.05,148.1811148.18,↓ 158°,489,906,"10,66810668",,FlightAware Transoceanic
星期五 20:04:1708:04下午,1.93991.94,148.2249148.22,↓ 158°,489,906,"10,66810668",,FlightAware Transoceanic
Oakland Oceanic,,,
星期五 20:05:1808:05下午,1.68331.68,148.3333148.33,↓ 158°,522,967,"10,66810668",,Oakland Oceanic
FlightAware Transoceanic,,,
星期五 20:07:1608:07下午,1.45331.45,148.4245148.42,↓ 158°,522,967,"10,66810668",,FlightAware Transoceanic
Oakland Oceanic,,,
星期五 20:07:4108:07下午,1.38331.38,148.4500148.45,↓ 158°,521,966,"10,66810668",,Oakland Oceanic
FlightAware Transoceanic,,,
星期五 20:10:1908:10下午,1.07611.08,148.5722148.57,↓ 158°,521,966,"10,66810668",,FlightAware Transoceanic
星期五 20:12:1708:12下午,0.84670.85,148.6634148.66,↓ 158°,521,966,"10,66810668",,FlightAware Transoceanic
星期五 20:13:1708:13下午,0.73000.73,148.7098148.71,↓ 158°,521,966,"10,66810668",,FlightAware Transoceanic
星期五 20:15:2008:15下午,0.49090.49,148.8049148.80,↓ 158°,521,966,"10,66810668",,FlightAware Transoceanic
星期五 20:17:1708:17下午,0.26340.26,148.8953148.90,↓ 158°,521,966,"10,66810668",,FlightAware Transoceanic
Oakland Oceanic,,,
星期五 20:17:1808:17下午,0.26670.27,148.8833148.88,↓ 156°,502,930,"10,66810668",,Oakland Oceanic
FlightAware Transoceanic,,,
星期五 20:19:1808:19下午,0.04210.04,148.9733148.97,↓ 158°,502,930,"10,66810668",,FlightAware Transoceanic
星期五 20:20:2108:20下午,-0.0758-0.08,149.0206149.02,↓ 158°,502,930,"10,66810668",,FlightAware Transoceanic
星期五 20:22:1008:22下午,-0.2797-0.28,149.1024149.10,↓ 158°,502,930,"10,66810668",,FlightAware Transoceanic
星期五 20:23:1708:23下午,-0.4051-0.41,149.1526149.15,↓ 158°,502,930,"10,66810668",,FlightAware Transoceanic
星期五 20:25:1108:25下午,-0.6185-0.62,149.2381149.24,↓ 158°,502,930,"10,66810668",,FlightAware Transoceanic
星期五 20:27:0808:27下午,-0.8374-0.84,149.3259149.33,↓ 158°,502,930,"10,66810668",,FlightAware Transoceanic
星期五 20:28:2008:28下午,-0.9721-0.97,149.3799149.38,↓ 158°,502,930,"10,66810668",,FlightAware Transoceanic
星期五 20:29:2008:29下午,-1.0844-1.08,149.4249149.42,↓ 158°,502,930,"10,66810668",,FlightAware Transoceanic
星期五 20:31:1408:31下午,-1.2977-1.30,149.5105149.51,↓ 158°,502,930,"10,66810668",,FlightAware Transoceanic
星期五 20:32:1908:32下午,-1.4193-1.42,149.5593149.56,↓ 158°,502,930,"10,66810668",,FlightAware Transoceanic
星期五 20:34:1808:34下午,-1.6420-1.64,149.6486149.65,↓ 158°,502,930,"10,66810668",,FlightAware Transoceanic
星期五 20:36:1308:36下午,-1.8572-1.86,149.7350149.74,↓ 158°,502,930,"10,66810668",,FlightAware Transoceanic
星期五 20:38:1908:38下午,-2.0930-2.09,149.8296149.83,↓ 158°,502,930,"10,66810668",,FlightAware Transoceanic
星期五 20:39:1908:39下午,-2.2052-2.21,149.8747149.87,↓ 158°,502,930,"10,66810668",,FlightAware Transoceanic
星期五 20:41:0508:41下午,-2.4036-2.40,149.9543149.95,↓ 158°,502,930,"10,66810668",,FlightAware Transoceanic
星期五 20:42:1908:42下午,-2.5420-2.54,150.0099150.01,↓ 158°,502,930,"10,66810668",,FlightAware Transoceanic
星期五 20:44:2008:44下午,-2.7684-2.77,150.1009150.10,↓ 158°,502,930,"10,66810668",,FlightAware Transoceanic
星期五 20:46:1808:46下午,-2.9892-2.99,150.1896150.19,↓ 158°,502,930,"10,66810668",,FlightAware Transoceanic
星期五 20:48:1808:48下午,-3.2137-3.21,150.2799150.28,↓ 158°,502,930,"10,66810668",,FlightAware Transoceanic
星期五 20:50:2008:50下午,-3.4419-3.44,150.3717150.37,↓ 158°,502,930,"10,66810668",,FlightAware Transoceanic
星期五 20:52:1908:52下午,-3.6645-3.66,150.4613150.46,↓ 158°,502,930,"10,66810668",,FlightAware Transoceanic
星期五 20:53:1908:53下午,-3.7768-3.78,150.5065150.51,↓ 158°,502,930,"10,66810668",,FlightAware Transoceanic
星期五 20:55:0908:55下午,-3.9825-3.98,150.5894150.59,↓ 158°,502,930,"10,66810668",,FlightAware Transoceanic
星期五 20:56:2008:56下午,-4.1153-4.12,150.6429150.64,↓ 158°,502,930,"10,66810668",9,FlightAware Transoceanic
FlightAware Approximate,,,
星期五 20:58:1808:58下午,-4.3674-4.37,150.7446150.74,↓ 158°,,,,,FlightAware Approximate
星期五 21:00:1809:00下午,-4.6238-4.62,150.8480150.85,↓ 158°,,,,,FlightAware Approximate
星期五 21:02:1709:02下午,-4.8779-4.88,150.9507150.95,↓ 158°,,,,,FlightAware Approximate
星期五 21:04:2009:04下午,-5.1306-5.13,151.0774151.08,↘ 149°,,,,,FlightAware Approximate
星期五 21:06:1009:06下午,-5.3486-5.35,151.2068151.21,↘ 149°,,,,,FlightAware Approximate
星期五 21:07:1509:07下午,-5.4775-5.48,151.2833151.28,↘ 149°,,,,,FlightAware Approximate
星期五 21:08:1709:08下午,-5.6003-5.60,151.3563151.36,↘ 149°,,,,,FlightAware Approximate
星期五 21:09:2009:09下午,-5.7252-5.73,151.4305151.43,↘ 149°,,,,,FlightAware Approximate
星期五 21:11:1909:11下午,-5.9610-5.96,151.5707151.57,↘ 149°,,,,,FlightAware Approximate
星期五 21:12:1909:12下午,-6.0799-6.08,151.6415151.64,↘ 149°,,,,,FlightAware Approximate
星期五 21:14:1809:14下午,-6.3156-6.32,151.7819151.78,↘ 149°,,,,,FlightAware Approximate
星期五 21:16:2009:16下午,-6.5573-6.56,151.9261151.93,↘ 149°,,,,,FlightAware Approximate
星期五 21:18:1709:18下午,-6.7890-6.79,152.0644152.06,↘ 149°,,,,,FlightAware Approximate
星期五 21:19:1709:19下午,-6.9078-6.91,152.1354152.14,↘ 149°,,,,,FlightAware Approximate
星期五 21:20:2109:20下午,-7.0346-7.03,152.2112152.21,↘ 149°,,,,,FlightAware Approximate
星期五 21:22:1509:22下午,-7.2603-7.26,152.3462152.35,↘ 149°,,,,,FlightAware Approximate
星期五 21:24:1809:24下午,-7.5037-7.50,152.4921152.49,↘ 149°,,,,,FlightAware Approximate
星期五 21:25:2009:25下午,-7.6264-7.63,152.5657152.57,↘ 149°,,,,,FlightAware Approximate
星期五 21:27:2009:27下午,-7.8639-7.86,152.7082152.71,↘ 149°,,,,,FlightAware Approximate
星期五 21:29:2009:29下午,-8.1013-8.10,152.8509152.85,↘ 149°,,,,,FlightAware Approximate
星期五 21:31:1509:31下午,-8.3288-8.33,152.9879152.99,↘ 149°,,,,,FlightAware Approximate
星期五 21:32:1609:32下午,-8.4494-8.45,153.0606153.06,↘ 149°,,,,,FlightAware Approximate
星期五 21:34:1109:34下午,-8.6768-8.68,153.1977153.20,↘ 149°,,,,,FlightAware Approximate
星期五 21:35:2009:35下午,-8.8133-8.81,153.2801153.28,↘ 149°,,,,,FlightAware Approximate
星期五 21:37:2009:37下午,-9.0504-9.05,153.4236153.42,↘ 149°,,,,,FlightAware Approximate
星期五 21:38:2009:38下午,-9.1690-9.17,153.4953153.50,↘ 149°,,,,,FlightAware Approximate
星期五 21:39:2009:39下午,-9.2876-9.29,153.5672153.57,↘ 149°,,,,,FlightAware Approximate
星期五 21:41:1309:41下午,-9.5109-9.51,153.7026153.70,↘ 149°,,,,,FlightAware Approximate
星期五 21:43:1509:43下午,-9.7518-9.75,153.8490153.85,↘ 149°,,,,,FlightAware Approximate
星期五 21:44:2009:44下午,-9.8802-9.88,153.9271153.93,↘ 149°,,,,,FlightAware Approximate
星期五 21:46:2109:46下午,-10.1201-10.12,154.0710154.07,↘ 150°,,,,,FlightAware Approximate
星期五 21:48:1809:48下午,-10.3528-10.35,154.2089154.21,↘ 150°,,,,,FlightAware Approximate
星期五 21:50:1309:50下午,-10.5815-10.58,154.3446154.34,↘ 150°,,,,,FlightAware Approximate
星期五 21:52:1809:52下午,-10.8300-10.83,154.4924154.49,↘ 150°,,,,,FlightAware Approximate
星期五 21:53:2009:53下午,-10.9532-10.95,154.5658154.57,↘ 150°,,,,,FlightAware Approximate
Estimated,,,
星期五 21:55:1709:55下午,-11.1837-11.18,154.7104154.71,↘ 148°,,,,,Estimated
星期五 21:56:2109:56下午,-11.3097-11.31,154.7896154.79,↘ 148°,,,,,Estimated
星期五 21:58:2009:58下午,-11.5440-11.54,154.9370154.94,↘ 148°,,,,,Estimated
星期五 22:00:1810:00下午,-11.7763-11.78,155.0835155.08,↘ 148°,,,,,Estimated
星期五 22:02:1810:02下午,-12.0124-12.01,155.2327155.23,↘ 148°,,,,,Estimated
星期五 22:04:1810:04下午,-12.2484-12.25,155.3821155.38,↘ 148°,,,,,Estimated
星期五 22:05:2010:05下午,-12.3703-12.37,155.4594155.46,↘ 148°,,,,,Estimated
星期五 22:07:1910:07下午,-12.6043-12.60,155.6080155.61,↘ 148°,,,,,Estimated
星期五 22:09:2010:09下午,-12.8420-12.84,155.7594155.76,↘ 148°,,,,,Estimated
星期五 22:11:1910:11下午,-13.0758-13.08,155.9085155.91,↘ 148°,,,,,Estimated
星期五 22:13:1510:13下午,-13.3036-13.30,156.0542156.05,↘ 148°,,,,,Estimated
星期五 22:15:1810:15下午,-13.5451-13.55,156.2090156.21,↘ 148°,,,,,Estimated
星期五 22:16:1810:16下午,-13.6628-13.66,156.2846156.28,↘ 148°,,,,,Estimated
星期五 22:17:1910:17下午,-13.7825-13.78,156.3615156.36,↘ 148°,,,,,Estimated
星期五 22:19:1410:19下午,-14.0081-14.01,156.5068156.51,↘ 148°,,,,,Estimated
星期五 22:20:2010:20下午,-14.1375-14.14,156.5903156.59,↘ 148°,,,,,Estimated
星期五 22:22:1210:22下午,-14.3570-14.36,156.7322156.73,↘ 148°,,,,,Estimated
星期五 22:23:2010:23下午,-14.4901-14.49,156.8184156.82,↘ 148°,,,,,Estimated
星期五 22:25:1910:25下午,-14.7229-14.72,156.9694156.97,↘ 148°,,,,,Estimated
星期五 22:27:1310:27下午,-14.9458-14.95,157.1144157.11,↘ 148°,,,,,Estimated
星期五 22:29:0810:29下午,-15.1705-15.17,157.2610157.26,↘ 148°,,,,,Estimated
星期五 22:30:1610:30下午,-15.3034-15.30,157.3478157.35,↘ 148°,,,,,Estimated
星期五 22:32:1810:32下午,-15.5391-15.54,157.5021157.50,↘ 148°,,,,,Estimated
星期五 22:34:1110:34下午,-15.7573-15.76,157.6454157.65,↘ 148°,,,,,Estimated
星期五 22:35:1710:35下午,-15.8847-15.88,157.7293157.73,↘ 148°,,,,,Estimated
星期五 22:36:1910:36下午,-16.0057-16.01,157.8090157.81,↘ 148°,,,,,Estimated
星期五 22:38:2010:38下午,-16.2417-16.24,157.9648157.96,↘ 148°,,,,,Estimated
星期五 22:40:1610:40下午,-16.4678-16.47,158.1145158.11,↘ 148°,,,,,Estimated
星期五 22:41:1810:41下午,-16.5886-16.59,158.1947158.19,↘ 148°,,,,,Estimated
星期五 22:42:2010:42下午,-16.7094-16.71,158.2750158.28,↘ 148°,,,,,Estimated
星期五 22:44:0710:44下午,-16.9178-16.92,158.4138158.41,↘ 148°,,,,,Estimated
星期五 22:45:2010:45下午,-17.0599-17.06,158.5086158.51,↘ 147°,,,,,Estimated
星期五 22:47:1610:47下午,-17.2860-17.29,158.6599158.66,↘ 147°,,,,,Estimated
星期五 22:49:1010:49下午,-17.5081-17.51,158.8089158.81,↘ 147°,,,,,Estimated
星期五 22:51:1510:51下午,-17.7515-17.75,158.9727158.97,↘ 147°,,,,,Estimated
星期五 22:52:1910:52下午,-17.8761-17.88,159.0568159.06,↘ 147°,,,,,Estimated
星期五 22:54:1310:54下午,-18.0978-18.10,159.2068159.21,↘ 147°,,,,,Estimated
星期五 22:55:1910:55下午,-18.2262-18.23,159.2938159.29,↘ 147°,,,,,Estimated
星期五 22:57:1610:57下午,-18.4536-18.45,159.4484159.45,↘ 147°,,,,,Estimated
星期五 22:59:1910:59下午,-18.6922-18.69,159.6111159.61,↘ 147°,,,,,Estimated
星期五 23:01:1611:01下午,-18.9190-18.92,159.7663159.77,↘ 147°,,,,,Estimated
星期五 23:02:1911:02下午,-19.0411-19.04,159.8500159.85,↘ 147°,,,,,Estimated
星期五 23:03:1911:03下午,-19.1573-19.16,159.9298159.93,↘ 147°,,,,,Estimated
星期五 23:05:1311:05下午,-19.3781-19.38,160.0819160.08,↘ 147°,,,,,Estimated
星期五 23:06:1811:06下午,-19.5039-19.50,160.1688160.17,↘ 147°,,,,,Estimated
星期五 23:07:1811:07下午,-19.6198-19.62,160.2490160.25,↘ 147°,,,,,Estimated
星期五 23:09:1911:09下午,-19.8534-19.85,160.4111160.41,↘ 147°,,,,,Estimated
星期五 23:10:1911:10下午,-19.9692-19.97,160.4916160.49,↘ 147°,,,,,Estimated
星期五 23:12:1111:12下午,-20.1853-20.19,160.6423160.64,↘ 147°,,,,,Estimated
星期五 23:13:1911:13下午,-20.3164-20.32,160.7339160.73,↘ 147°,,,,,Estimated
星期五 23:15:1811:15下午,-20.5458-20.55,160.8948160.89,↘ 147°,,,,,Estimated
星期五 23:16:1911:16下午,-20.6633-20.66,160.9774160.98,↘ 147°,,,,,Estimated
星期五 23:18:1411:18下午,-20.8847-20.88,161.1335161.13,↘ 147°,,,,,Estimated
星期五 23:19:2011:19下午,-21.0117-21.01,161.2233161.22,↘ 147°,,,,,Estimated
FlightAware ADS-B,,,
星期五 23:19:3211:19下午,-21.4278-21.43,162.1052162.11,↘ 144°,504,933,"11,88711887",,FlightAware ADS-B  (GEA / NWWM)
星期五 23:20:2611:20下午,-21.5315-21.53,162.1865162.19,↘ 144°,505,935,"11,88011880",,FlightAware ADS-B  (GEA / NWWM)
Estimated,,,
星期五 23:22:2111:22下午,-21.7552-21.76,162.3398162.34,↘ 148°,,,,,Estimated
星期五 23:24:1911:24下午,-21.9845-21.98,162.4976162.50,↘ 147°,,,,,Estimated
FlightAware ADS-B,,,
星期五 23:24:4511:24下午,-22.0224-22.02,162.5735162.57,↘ 144°,508,941,"11,88711887",,FlightAware ADS-B  (GEA / NWWM)
星期五 23:25:1711:25下午,-22.0823-22.08,162.6210162.62,↘ 144°,508,941,"11,88011880",,FlightAware ADS-B  (GEA / NWWM)
星期五 23:27:1411:27下午,-22.3050-22.30,162.7978162.80,↘ 143°,510,945,"11,88711887",2,FlightAware ADS-B  (GEA / NWWM)
星期五 23:28:2711:28下午,-22.4435-22.44,162.9082162.91,↘ 143°,510,945,"11,88711887",,FlightAware ADS-B  (GEA / NWWM)
星期五 23:29:2311:29下午,-22.5509-22.55,162.9940162.99,↘ 143°,511,946,"11,88711887",,FlightAware ADS-B  (GEA / NWWM)
Estimated,,,
星期五 23:31:1511:31下午,-22.7686-22.77,163.1445163.14,↘ 147°,,,,,Estimated
FlightAware ADS-B,,,
星期五 23:31:3111:31下午,-22.7931-22.79,163.1881163.19,↘ 143°,512,948,"11,88711887",,FlightAware ADS-B  (GEA / NWWM)
星期五 23:32:0611:32下午,-22.8601-22.86,163.2421163.24,↘ 143°,512,948,"11,88011880",,FlightAware ADS-B  (GEA / NWWM)
星期五 23:33:4711:33下午,-23.0510-23.05,163.3959163.40,↘ 143°,512,948,"11,88711887",3,FlightAware ADS-B  (GEA / NWWM)
星期五 23:34:2011:34下午,-23.1140-23.11,163.4467163.45,↘ 143°,512,948,"11,88711887",,FlightAware ADS-B  (GEA / NWWM)
星期五 23:34:5011:34下午,-23.1723-23.17,163.4939163.49,↘ 143°,511,946,"11,88711887",,FlightAware ADS-B  (GEA / NWWM)
星期五 23:35:2011:35下午,-23.2285-23.23,163.5394163.54,↘ 143°,511,946,"11,88711887",-5,FlightAware ADS-B  (GEA / NWWM)
星期五 23:36:2011:36下午,-23.3425-23.34,163.6318163.63,↘ 143°,513,950,"11,88011880",,FlightAware ADS-B  (GEA / NWWM)
星期五 23:36:5011:36下午,-23.3999-23.40,163.6785163.68,↘ 143°,514,953,"11,88711887",,FlightAware ADS-B  (GEA / NWWM)
星期五 23:37:4511:37下午,-23.5050-23.50,163.7640163.76,↘ 143°,514,953,"11,88011880",,FlightAware ADS-B  (GEA / NWWM)
星期五 23:38:1811:38下午,-23.5669-23.57,163.8145163.81,↘ 143°,513,950,"11,88711887",5,FlightAware ADS-B  (GEA / NWWM)
星期五 23:39:1211:39下午,-23.6710-23.67,163.8994163.90,↘ 143°,513,950,"11,88711887",,FlightAware ADS-B  (GEA / NWWM)
星期五 23:40:1511:40下午,-23.7904-23.79,163.9971164.00,↘ 143°,515,954,"11,88711887",,FlightAware ADS-B  (GEA / NWWM)
星期五 23:40:4511:40下午,-23.8484-23.85,164.0446164.04,↘ 143°,515,954,"11,88711887",,FlightAware ADS-B  (GEA / NWWM)
星期五 23:41:1511:41下午,-23.9048-23.90,164.0908164.09,↘ 143°,516,956,"11,88711887",-5,FlightAware ADS-B  (GEA / NWWM)
星期五 23:42:1111:42下午,-24.0126-24.01,164.1794164.18,↘ 143°,518,959,"11,88011880",,FlightAware ADS-B  (GEA / NWWM)
星期五 23:42:4111:42下午,-24.0704-24.07,164.2270164.23,↘ 143°,518,959,"11,88711887",,FlightAware ADS-B  (GEA / NWWM)
星期五 23:43:1111:43下午,-24.1285-24.13,164.2749164.27,↘ 143°,517,958,"11,88011880",,FlightAware ADS-B  (GEA / NWWM)
星期五 23:43:4111:43下午,-24.1844-24.18,164.3210164.32,↘ 143°,515,954,"11,88711887",,FlightAware ADS-B  (GEA / NWWM)
星期五 23:44:1611:44下午,-24.2498-24.25,164.3751164.38,↘ 143°,515,954,"11,88011880",-7,FlightAware ADS-B  (GEA / NWWM)
星期五 23:44:4611:44下午,-24.3079-24.31,164.4230164.42,↘ 143°,515,954,"11,88011880",,FlightAware ADS-B  (GEA / NWWM)
星期五 23:45:1611:45下午,-24.3650-24.36,164.4704164.47,↘ 143°,516,956,"11,88011880",,FlightAware ADS-B  (GEA / NWWM)
星期五 23:45:5311:45下午,-24.4354-24.44,164.5287164.53,↘ 143°,517,958,"11,88011880",,FlightAware ADS-B  (GEA / NWWM)
星期五 23:46:4611:46下午,-24.5373-24.54,164.6134164.61,↘ 143°,519,961,"11,88011880",5,FlightAware ADS-B  (GEA / NWWM)
星期五 23:47:1611:47下午,-24.5940-24.59,164.6606164.66,↘ 143°,519,961,"11,88711887",,FlightAware ADS-B  (GEA / NWWM)
星期五 23:47:4611:47下午,-24.6520-24.65,164.7089164.71,↘ 143°,519,961,"11,88011880",,FlightAware ADS-B  (GEA / NWWM)
星期五 23:48:1611:48下午,-24.7101-24.71,164.7573164.76,↘ 143°,521,966,"11,88711887",,FlightAware ADS-B  (GEA / NWWM)
星期五 23:49:1311:49下午,-24.8187-24.82,164.8480164.85,↘ 143°,521,966,"11,88011880",-4,FlightAware ADS-B  (GEA / NWWM)
星期五 23:50:1311:50下午,-24.9349-24.93,164.9454164.95,↘ 143°,519,961,"11,88011880",5,FlightAware ADS-B  (GEA / NWWM)
星期五 23:50:4311:50下午,-24.9924-24.99,164.9936164.99,↘ 143°,518,959,"11,88711887",7,FlightAware ADS-B  (GEA / NWWM)
星期五 23:51:2211:51下午,-25.0664-25.07,165.0551165.06,↘ 143°,518,959,"11,88711887",-5,FlightAware ADS-B  (GEA / NWWM)
星期五 23:52:2311:52下午,-25.1822-25.18,165.1515165.15,↘ 143°,519,961,"11,88011880",,FlightAware ADS-B  (GEA / NWWM)
星期五 23:52:5611:52下午,-25.2446-25.24,165.2034165.20,↘ 143°,518,959,"11,88711887",,FlightAware ADS-B  (GEA / NWWM)
Estimated,,,
星期五 23:55:1211:55下午,-25.5085-25.51,165.3899165.39,↘ 147°,,,,,Estimated
星期五 23:56:1911:56下午,-25.6384-25.64,165.4821165.48,↘ 147°,,,,,Estimated
FlightAware ADS-B,,,
星期五 23:56:2411:56下午,-25.6417-25.64,165.5361165.54,↘ 143°,509,943,"11,88011880",,FlightAware ADS-B  (GEA / NWWM)
星期五 23:56:5911:56下午,-25.7076-25.71,165.5915165.59,↘ 143°,509,943,"11,88011880",5,FlightAware ADS-B  (NWWB)
星期五 23:57:4611:57下午,-25.7954-25.80,165.6655165.67,↘ 143°,509,943,"11,88711887",,FlightAware ADS-B  (NWWB)
星期五 23:59:3411:59下午,-25.9976-26.00,165.8366165.84,↘ 143°,508,941,"11,88011880",-3,FlightAware ADS-B  (GEA / NWWM)
星期六 00:00:0412:00上午,-26.0527-26.05,165.8834165.88,↘ 143°,507,938,"11,88011880",,FlightAware ADS-B  (GEA / NWWM)
星期六 00:02:1312:02上午,-26.2947-26.29,166.0894166.09,↘ 143°,507,938,"11,88011880",,FlightAware ADS-B  (GEA / NWWM)
星期六 00:02:4412:02上午,-26.3510-26.35,166.1375166.14,↘ 142°,505,935,"11,88011880",,FlightAware ADS-B  (GEA / NWWM)
星期六 00:03:2912:03上午,-26.4358-26.44,166.2099166.21,↘ 142°,505,935,"11,88011880",,FlightAware ADS-B  (GEA / NWWM)
星期六 00:04:0012:04上午,-26.4925-26.49,166.2585166.26,↘ 142°,505,935,"11,88011880",1,FlightAware ADS-B  (GEA / NWWM)
Estimated,,,
星期六 00:06:1812:06上午,-26.7606-26.76,166.4494166.45,↘ 148°,,,,,Estimated
星期六 00:08:1912:08上午,-26.9954-27.00,166.6175166.62,↘ 147°,,,,,Estimated
星期六 00:10:2012:10上午,-27.2300-27.23,166.7863166.79,↘ 147°,,,,,Estimated
星期六 00:12:1912:12上午,-27.4605-27.46,166.9530166.95,↘ 147°,,,,,Estimated
星期六 00:14:1412:14上午,-27.6831-27.68,167.1147167.11,↘ 147°,,,,,Estimated
FlightAware ADS-B,,,
星期六 00:15:2812:15上午,-27.7612-27.76,167.3622167.36,↘ 142°,506,937,"11,88711887",,FlightAware ADS-B  (NLK / YSNF)
星期六 00:16:0912:16上午,-27.8359-27.84,167.4283167.43,↘ 142°,504,933,"11,88011880",,FlightAware ADS-B  (NLK / YSNF)
星期六 00:17:0512:17上午,-27.9387-27.94,167.5193167.52,↘ 142°,500,925,"11,88711887",,FlightAware ADS-B  (NLK / YSNF)
星期六 00:17:4612:17上午,-28.0134-28.01,167.5855167.59,↘ 142°,501,929,"11,88011880",,FlightAware ADS-B  (NLK / YSNF)
星期六 00:18:1612:18上午,-28.0673-28.07,167.6333167.63,↘ 142°,501,929,"11,88711887",,FlightAware ADS-B  (NLK / YSNF)
星期六 00:18:5012:18上午,-28.1298-28.13,167.6924167.69,↘ 138°,516,956,"11,88011880",-6,FlightAware ADS-B  (NLK / YSNF)
星期六 00:19:3012:19上午,-28.1965-28.20,167.7685167.77,↘ 133°,529,980,"11,88011880",,FlightAware ADS-B  (NLK / YSNF)
星期六 00:20:0012:20上午,-28.2470-28.25,167.8296167.83,↘ 133°,529,980,"11,88011880",,FlightAware ADS-B  (NLK / YSNF)
星期六 00:20:3612:20上午,-28.3066-28.31,167.9016167.90,↘ 133°,526,974,"11,88011880",24,FlightAware ADS-B  (NLK / YSNF)
星期六 00:21:1512:21上午,-28.3735-28.37,167.9825167.98,↘ 133°,523,969,"11,91011910",,FlightAware ADS-B  (NLK / YSNF)
星期六 00:21:5212:21上午,-28.4345-28.43,168.0565168.06,↘ 133°,519,961,"11,88011880",-14,FlightAware ADS-B  (NLK / YSNF)
星期六 00:22:2212:22上午,-28.4843-28.48,168.1166168.12,↘ 133°,522,967,"11,89511895",8,FlightAware ADS-B  (NLK / YSNF)
星期六 00:22:5312:22上午,-28.5352-28.54,168.1786168.18,↘ 133°,519,961,"11,88711887",-8,FlightAware ADS-B  (NLK / YSNF)
星期六 00:23:2312:23上午,-28.5844-28.58,168.2380168.24,↘ 133°,524,970,"11,88711887",-8,FlightAware ADS-B  (NLK / YSNF)
星期六 00:23:5312:23上午,-28.6340-28.63,168.2982168.30,↘ 133°,527,975,"11,88011880",-5,FlightAware ADS-B  (NLK / YSNF)
星期六 00:24:5312:24上午,-28.7348-28.73,168.4215168.42,↘ 133°,531,983,"11,88011880",,FlightAware ADS-B  (NLK / YSNF)
星期六 00:25:2312:25上午,-28.7851-28.79,168.4831168.48,↘ 133°,534,990,"11,88011880",8,FlightAware ADS-B  (NLK / YSNF)
星期六 00:25:5412:25上午,-28.8358-28.84,168.5455168.55,↘ 133°,534,990,"11,88711887",,FlightAware ADS-B  (NLK / YSNF)
星期六 00:26:4012:26上午,-28.9135-28.91,168.6409168.64,↘ 133°,536,993,"11,88011880",,FlightAware ADS-B  (NLK / YSNF)
星期六 00:27:1012:27上午,-28.9638-28.96,168.7030168.70,↘ 133°,536,993,"11,88711887",,FlightAware ADS-B  (NLK / YSNF)
星期六 00:27:5712:27上午,-29.0433-29.04,168.8012168.80,↘ 133°,536,993,"11,88011880",,FlightAware ADS-B  (NLK / YSNF)
星期六 00:28:4112:28上午,-29.1174-29.12,168.8927168.89,↘ 133°,537,995,"11,88711887",5,FlightAware ADS-B  (NLK / YSNF)
星期六 00:29:2112:29上午,-29.1850-29.18,168.9763168.98,↘ 133°,537,995,"11,88711887",-6,FlightAware ADS-B  (NLK / YSNF)
星期六 00:29:5112:29上午,-29.2349-29.23,169.0381169.04,↘ 133°,537,995,"11,88011880",-8,FlightAware ADS-B  (NLK / YSNF)
星期六 00:30:2112:30上午,-29.2842-29.28,169.0994169.10,↘ 133°,536,993,"11,88011880",6,FlightAware ADS-B  (NLK / YSNF)
星期六 00:31:1212:31上午,-29.3714-29.37,169.2079169.21,↘ 133°,537,995,"11,88711887",,FlightAware ADS-B  (NLK / YSNF)
星期六 00:31:4912:31上午,-29.4322-29.43,169.2840169.28,↘ 132°,536,993,"11,88011880",,FlightAware ADS-B  (NLK / YSNF)
星期六 00:32:2312:32上午,-29.4900-29.49,169.3562169.36,↘ 132°,536,993,"11,88711887",,FlightAware ADS-B  (NLK / YSNF)
星期六 00:33:0512:33上午,-29.5600-29.56,169.4439169.44,↘ 133°,535,991,"11,88011880",,FlightAware ADS-B  (NLK / YSNF)
Estimated,,,
星期六 00:35:1512:35上午,-29.8175-29.82,169.6122169.61,↘ 150°,,,,,Estimated
FlightAware ADS-B,,,
星期六 00:36:1112:36上午,-29.8723-29.87,169.8379169.84,↘ 132°,538,996,"11,88711887",,FlightAware ADS-B  (NLK / YSNF)
星期六 00:36:4112:36上午,-29.9237-29.92,169.9031169.90,↘ 132°,540,999,"11,88711887",-7,FlightAware ADS-B  (NLK / YSNF)
星期六 00:37:2012:37上午,-29.9915-29.99,169.9855169.99,↘ 137°,531,983,"11,88011880",-12,FlightAware ADS-B  (NLK / YSNF)
Estimated,,,
星期六 00:39:1712:39上午,-30.2258-30.23,170.1323170.13,↘ 152°,,,,,Estimated
星期六 00:40:1912:40上午,-30.3499-30.35,170.2105170.21,↘ 151°,,,,,Estimated
星期六 00:42:2012:42上午,-30.5919-30.59,170.3635170.36,↘ 151°,,,,,Estimated
星期六 00:44:1612:44上午,-30.8237-30.82,170.5109170.51,↘ 151°,,,,,Estimated
星期六 00:46:0512:46上午,-31.0414-31.04,170.6500170.65,↘ 151°,,,,,Estimated
星期六 00:47:1612:47上午,-31.1834-31.18,170.7412170.74,↘ 151°,,,,,Estimated
星期六 00:49:2012:49上午,-31.4311-31.43,170.9010170.90,↘ 151°,,,,,Estimated
New Zealand,,,
星期六 00:49:2612:49上午,-31.3833-31.38,171.1667171.17,↘ 151°,514,953,,,New Zealand
星期六 00:50:3012:50上午,-31.5000-31.50,171.2667171.27,↘ 144°,515,954,,,New Zealand
星期六 00:52:3412:52上午,-31.7500-31.75,171.4833171.48,↘ 144°,518,959,,,New Zealand
星期六 00:53:3612:53上午,-31.8667-31.87,171.5833171.58,↘ 144°,516,956,,,New Zealand
星期六 00:54:3812:54上午,-31.9833-31.98,171.6833171.68,↘ 144°,517,958,,,New Zealand
星期六 00:55:3912:55上午,-32.1000-32.10,171.7833171.78,↘ 144°,517,958,,,New Zealand
FlightAware ADS-B,,,
星期六 00:57:0412:57上午,-32.2622-32.26,171.9320171.93,↘ 143°,511,946,"11,88711887",,FlightAware ADS-B  (NZPA)
星期六 00:57:3412:57上午,-32.3195-32.32,171.9826171.98,↘ 143°,510,945,"11,88711887",-8,FlightAware ADS-B  (NZPA)
星期六 00:58:0412:58上午,-32.3761-32.38,172.0325172.03,↘ 143°,507,938,"11,88011880",,FlightAware ADS-B  (NZPA)
星期六 00:58:4512:58上午,-32.4517-32.45,172.0994172.10,↘ 143°,505,935,"11,88711887",6,FlightAware ADS-B  (NZPA)
星期六 00:59:1612:59上午,-32.5107-32.51,172.1515172.15,↘ 143°,507,938,"11,88711887",,FlightAware ADS-B  (NZPA)
星期六 00:59:4612:59上午,-32.5664-32.57,172.2009172.20,↘ 143°,506,937,"11,88711887",,FlightAware ADS-B  (NZPA)
星期六 01:00:1601:00上午,-32.6222-32.62,172.2505172.25,↘ 143°,506,937,"11,88711887",,FlightAware ADS-B  (NZPA)
星期六 01:01:0501:01上午,-32.7145-32.71,172.3330172.33,↘ 143°,508,941,"11,88711887",-5,FlightAware ADS-B  (NZPA)
星期六 01:01:5201:01上午,-32.8040-32.80,172.4129172.41,↘ 143°,510,945,"11,88011880",,FlightAware ADS-B  (NZPA)
星期六 01:02:2201:02上午,-32.8600-32.86,172.4629172.46,↘ 143°,514,953,"11,88711887",,FlightAware ADS-B  (NZPA)
星期六 01:03:2201:03上午,-32.9757-32.98,172.5668172.57,↘ 143°,515,954,"11,88011880",-5,FlightAware ADS-B  (NZPA)
星期六 01:03:5201:03上午,-33.0318-33.03,172.6174172.62,↘ 143°,512,948,"11,88011880",8,FlightAware ADS-B  (NZPA)
星期六 01:04:2201:04上午,-33.0897-33.09,172.6696172.67,↘ 143°,510,945,"11,88711887",,FlightAware ADS-B  (NZPA)
星期六 01:05:0101:05上午,-33.1627-33.16,172.7354172.74,↘ 143°,510,945,"11,88011880",,FlightAware ADS-B  (NZPA)
星期六 01:05:3201:05上午,-33.2202-33.22,172.7872172.79,↘ 143°,510,945,"11,88711887",,FlightAware ADS-B  (NZPA)
星期六 01:06:0201:06上午,-33.2759-33.28,172.8376172.84,↘ 143°,509,943,"11,88011880",,FlightAware ADS-B  (NZPA)
星期六 01:06:3801:06上午,-33.3441-33.34,172.8996172.90,↘ 143°,509,943,"11,88711887",7,FlightAware ADS-B  (NZPA)
星期六 01:07:1101:07上午,-33.4053-33.41,172.9552172.96,↘ 143°,508,941,"11,88711887",,FlightAware ADS-B  (NZPA)
星期六 01:07:5201:07上午,-33.4817-33.48,173.0250173.03,↘ 143°,507,938,"11,88711887",,FlightAware ADS-B  (NZJW)
星期六 01:08:2701:08上午,-33.5471-33.55,173.0847173.08,↘ 143°,509,943,"11,88711887",-7,FlightAware ADS-B  (NZJW)
星期六 01:08:5901:08上午,-33.6058-33.61,173.1385173.14,↘ 143°,510,945,"11,88011880",,FlightAware ADS-B  (NZRW)
星期六 01:09:2901:09上午,-33.6613-33.66,173.1894173.19,↘ 143°,511,946,"11,88711887",7,FlightAware ADS-B  (NZRW)
星期六 01:10:0601:10上午,-33.7315-33.73,173.2537173.25,↘ 143°,508,941,"11,88711887",-6,FlightAware ADS-B  (NZPA)
星期六 01:10:4201:10上午,-33.7988-33.80,173.3158173.32,↘ 142°,508,941,"11,88011880",,FlightAware ADS-B  (NZPA)
星期六 01:11:0201:11上午,-33.8366-33.84,173.3504173.35,↘ 144°,505,935,"11,88711887",,FlightAware ADS-B  (AMZ / NZAR)
星期六 01:11:3401:11上午,-33.9027-33.90,173.3886173.39,↓ 164°,487,901,"11,88011880",-6,FlightAware ADS-B  (NZPA)
星期六 01:12:1501:12上午,-33.9897-33.99,173.4032173.40,↓ 174°,477,884,"11,88011880",6,FlightAware ADS-B  (WRE / NZWR)
星期六 01:12:4501:12上午,-34.0574-34.06,173.4111173.41,↓ 174°,475,880,"11,88711887",8,FlightAware ADS-B  (WRE / NZWR)
星期六 01:13:1501:13上午,-34.1222-34.12,173.4191173.42,↓ 174°,475,880,"11,88711887",,FlightAware ADS-B  (WRE / NZWR)
星期六 01:13:4701:13上午,-34.1947-34.19,173.4276173.43,↓ 175°,478,885,"11,88711887",-6,FlightAware ADS-B  (AKL / NZAA)
星期六 01:14:3401:14上午,-34.2982-34.30,173.4399173.44,↓ 174°,480,888,"11,88011880",,FlightAware ADS-B  (NZJW)
星期六 01:15:2101:15上午,-34.4022-34.40,173.4523173.45,↓ 174°,479,887,"11,88711887",,FlightAware ADS-B  (NZJW)
星期六 01:15:5101:15上午,-34.4675-34.47,173.4603173.46,↓ 174°,480,888,"11,88011880",,FlightAware ADS-B  (NZRW)
星期六 01:16:2101:16上午,-34.5342-34.53,173.4684173.47,↓ 174°,479,887,"11,88711887",8,FlightAware ADS-B  (AMZ / NZAR)
星期六 01:16:5101:16上午,-34.6008-34.60,173.4764173.48,↓ 175°,481,892,"11,88711887",,FlightAware ADS-B  (NZRW)
星期六 01:17:2101:17上午,-34.6667-34.67,173.4843173.48,↓ 174°,483,895,"11,88711887",,FlightAware ADS-B  (NZRW)
星期六 01:17:5101:17上午,-34.7336-34.73,173.4924173.49,↓ 174°,482,893,"11,88711887",,FlightAware ADS-B  (NZRW)
星期六 01:18:2101:18上午,-34.8002-34.80,173.5005173.50,↓ 174°,483,895,"11,88711887",-8,FlightAware ADS-B  (NZRW)
星期六 01:18:5201:18上午,-34.8681-34.87,173.5087173.51,↓ 174°,481,892,"11,88011880",,FlightAware ADS-B  (NZRW)
星期六 01:19:2201:19上午,-34.9340-34.93,173.5168173.52,↓ 174°,481,892,"11,88711887",8,FlightAware ADS-B  (AMZ / NZAR)
星期六 01:19:5201:19上午,-34.9990-35.00,173.5246173.52,↓ 174°,483,895,"11,88711887",,FlightAware ADS-B  (AKL / NZAA)
星期六 01:20:2401:20上午,-35.0721-35.07,173.5335173.53,↓ 174°,483,895,"11,88711887",-7,FlightAware ADS-B  (TMZ / NZTH)
星期六 01:20:5501:20上午,-35.1427-35.14,173.5422173.54,↓ 174°,483,895,"11,88011880",-8,FlightAware ADS-B  (AKL / NZAA)
星期六 01:21:2501:21上午,-35.2098-35.21,173.5504173.55,↓ 174°,482,893,"11,88011880",-175,FlightAware ADS-B  (NZWP)
星期六 01:21:5501:21上午,-35.2748-35.27,173.5584173.56,↓ 174°,474,877,"11,70411704",-556,FlightAware ADS-B  (WRE / NZWR)
星期六 01:22:2501:22上午,-35.3398-35.34,173.5664173.57,↓ 174°,475,880,"11,32311323",-785,FlightAware ADS-B  (WRE / NZWR)
星期六 01:22:5501:22上午,-35.4068-35.41,173.5746173.57,↓ 174°,479,887,"10,91910919",-693,FlightAware ADS-B  (TMZ / NZTH)
星期六 01:23:2501:23上午,-35.4722-35.47,173.5825173.58,↓ 174°,472,874,"10,63010630",-579,FlightAware ADS-B  (AKL / NZAA)
星期六 01:23:5501:23上午,-35.5367-35.54,173.5902173.59,↓ 174°,466,863,"10,34010340",-572,FlightAware ADS-B  (AKL / NZAA)
星期六 01:24:2501:24上午,-35.6006-35.60,173.5984173.60,↓ 174°,467,864,"10,05810058",-579,FlightAware ADS-B  (AMZ / NZAR)
星期六 01:24:5501:24上午,-35.6655-35.67,173.6065173.61,↓ 174°,467,864,"9,7619761",-602,FlightAware ADS-B  (NZJW)
星期六 01:25:2501:25上午,-35.7309-35.73,173.6146173.61,↓ 174°,471,872,"9,4569456",-632,FlightAware ADS-B  (AMZ / NZAR)
星期六 01:25:5501:25上午,-35.7966-35.80,173.6228173.62,↓ 174°,459,850,"9,1299129",-625,FlightAware ADS-B  (NZPK)
星期六 01:26:2501:26上午,-35.8578-35.86,173.6308173.63,↓ 174°,451,835,"8,8328832",-617,FlightAware ADS-B  (NZJA)
星期六 01:26:5501:26上午,-35.9204-35.92,173.6383173.64,↓ 175°,439,813,"8,5128512",-632,FlightAware ADS-B  (NZPK)
星期六 01:27:2501:27上午,-35.9815-35.98,173.6456173.65,↓ 174°,431,798,"8,1998199",-625,FlightAware ADS-B  (NZPK)
星期六 01:27:5501:27上午,-36.0406-36.04,173.6529173.65,↓ 174°,423,784,"7,8877887",-607,FlightAware ADS-B  (NZPK)
星期六 01:28:2601:28上午,-36.0980-36.10,173.6602173.66,↓ 174°,420,777,"7,5827582",-622,FlightAware ADS-B  (NZWP)
星期六 01:28:5601:28上午,-36.1574-36.16,173.6677173.67,↓ 174°,415,769,"7,2547254",-648,FlightAware ADS-B  (NZWP)
星期六 01:29:2601:29上午,-36.2148-36.21,173.6750173.68,↓ 174°,409,758,"6,9346934",-632,FlightAware ADS-B  (NZWP)
星期六 01:29:5601:29上午,-36.2708-36.27,173.6820173.68,↓ 174°,404,748,"6,6226622",-625,FlightAware ADS-B  (NZPK)
星期六 01:30:2601:30上午,-36.3255-36.33,173.6888173.69,↓ 174°,400,740,"6,3096309",-610,FlightAware ADS-B  (AKL / NZAA)
星期六 01:30:4701:30上午,-36.3621-36.36,173.6937173.69,↓ 172°,396,734,"6,1046104",-630,FlightAware ADS-B  (WRE / NZWR)
星期六 01:31:0301:31上午,-36.3936-36.39,173.7054173.71,↘ 155°,394,729,"5,9215921",-635,FlightAware ADS-B  (AKL / NZAA)
星期六 01:31:2301:31上午,-36.4217-36.42,173.7284173.73,↘ 138°,390,723,"5,7235723",-618,FlightAware ADS-B  (NPL / NZNP)
星期六 01:31:5401:31上午,-36.4622-36.46,173.7775173.78,↘ 136°,385,713,"5,3955395",-622,FlightAware ADS-B  (AKL / NZAA)
星期六 01:32:2401:32上午,-36.5002-36.50,173.8235173.82,↘ 135°,379,702,"5,0905090",-602,FlightAware ADS-B  (AKL / NZAA)
星期六 01:32:5401:32上午,-36.5369-36.54,173.8681173.87,↘ 135°,372,689,"4,7934793",-597,FlightAware ADS-B  (AKL / NZAA)
星期六 01:33:2601:33上午,-36.5766-36.58,173.9165173.92,↘ 135°,356,660,"4,4734473",-561,FlightAware ADS-B  (TMZ / NZTH)
星期六 01:33:5601:33上午,-36.6109-36.61,173.9584173.96,↘ 136°,342,634,"4,2144214",-526,FlightAware ADS-B  (TMZ / NZTH)
星期六 01:34:2601:34上午,-36.6442-36.64,173.9993174.00,↘ 135°,339,628,"3,9473947",-541,FlightAware ADS-B  (TMZ / NZTH)
星期六 01:34:5601:34上午,-36.6771-36.68,174.0394174.04,↘ 136°,337,624,"3,6733673",-547,FlightAware ADS-B  (NZJN)
星期六 01:35:2701:35上午,-36.7116-36.71,174.0817174.08,↘ 135°,333,616,"3,3913391",-465,FlightAware ADS-B  (TMZ / NZTH)
星期六 01:35:5701:35上午,-36.7443-36.74,174.1219174.12,↘ 135°,322,597,"3,2003200",-267,FlightAware ADS-B  (TMZ / NZTH)
星期六 01:36:2701:36上午,-36.7742-36.77,174.1587174.16,↘ 135°,300,555,"3,1243124",-175,FlightAware ADS-B  (HLZ / NZHN)
星期六 01:36:5201:36上午,-36.7981-36.80,174.1881174.19,↘ 135°,286,529,"3,0403040",-324,FlightAware ADS-B  (HLZ / NZHN)
星期六 01:37:2201:37上午,-36.8270-36.83,174.2235174.22,↘ 135°,284,526,"2,8272827",-404,FlightAware ADS-B  (TMZ / NZTH)
星期六 01:37:5201:37上午,-36.8545-36.85,174.2574174.26,↘ 135°,280,518,"2,6372637",-404,FlightAware ADS-B  (NZWP)
星期六 01:38:2201:38上午,-36.8818-36.88,174.2913174.29,↘ 135°,279,517,"2,4232423",-404,FlightAware ADS-B  (TMZ / NZTH)
星期六 01:38:5201:38上午,-36.9081-36.91,174.3237174.32,↘ 135°,273,505,"2,2332233",-404,FlightAware ADS-B  (NZBC)
星期六 01:39:2201:39上午,-36.9366-36.94,174.3589174.36,↘ 136°,269,499,"2,0192019",-404,FlightAware ADS-B  (AKL / NZAA)
星期六 01:39:5201:39上午,-36.9622-36.96,174.3905174.39,↘ 135°,269,499,"1,8291829",-396,FlightAware ADS-B  (NZKE)
星期六 01:40:2201:40上午,-36.9897-36.99,174.4248174.42,↘ 135°,269,499,"1,6231623",-404,FlightAware ADS-B  (GBZ / NZGB)
星期六 01:40:5201:40上午,-37.0152-37.02,174.4564174.46,↘ 135°,266,492,"1,4251425",-312,FlightAware ADS-B  (AKL / NZAA)
星期六 01:41:2201:41上午,-37.0413-37.04,174.4886174.49,↘ 135°,244,452,"1,3111311",-175,FlightAware ADS-B  (AKL / NZAA)
星期六 01:41:5201:41上午,-37.0632-37.06,174.5159174.52,↘ 134°,216,401,"1,2501250",-99,FlightAware ADS-B  (AMZ / NZAR)
星期六 01:42:0801:42上午,-37.0730-37.07,174.5296174.53,↘ 123°,198,367,"1,2341234",-125,FlightAware ADS-B  (AMZ / NZAR)
星期六 01:42:2501:42上午,-37.0759-37.08,174.5488174.55,→ 84°,186,344,"1,1811181",-247,FlightAware ADS-B  (TMZ / NZTH)
星期六 01:42:4501:42上午,-37.0719-37.07,174.5690174.57,→ 73°,181,335,"1,0821082",-311,FlightAware ADS-B  (NZDY)
星期六 01:43:1501:43上午,-37.0640-37.06,174.5979174.60,→ 71°,178,330,922922,-312,FlightAware ADS-B  (AKL / NZAA)
星期六 01:43:4501:43上午,-37.0561-37.06,174.6264174.63,→ 71°,166,307,770770,-282,FlightAware ADS-B  (NZWP)
星期六 01:44:1501:44上午,-37.0489-37.05,174.6528174.65,→ 71°,151,280,640640,-244,FlightAware ADS-B  (AKL / NZAA)
星期六 01:44:4501:44上午,-37.0425-37.04,174.6758174.68,→ 71°,142,262,526526,-239,FlightAware ADS-B  (NZPI)
星期六 01:45:0101:45上午,-37.0388-37.04,174.6891174.69,→ 71°,139,257,457457,-243,FlightAware ADS-B  (AKL / NZAA)
星期六 01:45:1701:45上午,-37.0358-37.04,174.7005174.70,→ 71°,140,259,396396,-229,FlightAware ADS-B  (AKL / NZAA)
Surface and Near-Surface,,,
星期六 01:45:2701:45上午,-37.0336-37.03,174.7082174.71,→ 71°,142,262,358358,-243,Surface and Near-Surface
Airline,,,
星期六 01:46:0001:46上午    到达 (AKL) @ 星期六 05:46:00 NZST,,,Airline
FlightAware ADS-B,,,
星期六 01:46:3801:46上午,-37.0179-37.02,174.7651174.77,→ 71°,151,280,6969,-226,FlightAware ADS-B  (NZME)
星期六 01:46:5401:46上午,-37.0142-37.01,174.7784174.78,→ 71°,148,274,3030,-143,FlightAware ADS-B  (AKL / NZAA)
Airline,,,
滑行时间: 9 分钟,,,
星期六 01:55:0001:55上午    到达停机位 (AKL) @ 星期六 05:55:00 NZST,,,Airline
